epoch,train_rmse_loss,val_rmse_loss,train_mae_unscaled,val_mae_unscaled
0,0.980411903142929,0.9245083970852582,10.752037,10.160811
1,0.9482347465356191,1.0084391917840418,10.2350645,10.717236
2,0.9442430968284607,1.120613977728612,10.255102,12.467161
3,0.9497632826169332,1.0702776915998573,10.270921,11.862075
4,0.9003033754825592,1.7246121168136597,9.602726,19.764568
5,0.915201953570048,1.0290538110581051,9.864407,11.51923
